a1,a0,b1,b0,carry_in,sum2,sum1,sum0
1,0.9246545057333453,1,0,0,1,0,1
1,1,1,0,0,1,0,1
1,0,1,1,0,1,0,1
0,0,1,0,0,0,1,0
0,0,0,0,1,0,0,1
0,1,1,0,1,1,0,0
0,0,1,0,0,0,1,0
1,1,0.2957199752406448,0,1,1,0,0
1,0,0,0,1,0,1,1
0,0,1,1,0,0,1,1
1,1,0,1,0,1,0,0
1,1,1,1,0.013190092519896668,1,1,0
1,0.8664574878379077,0,1,0,1,0,0
0,0,1,0,0,0,1,0
1,0,1,1,0,1,0,1
0,0,1,0,0,1,1,0
0.9814263830549581,0,0.9359371863090535,1,1,1,1,0
1,1,1,0.03213832399182193,1,1,1,0
1,0,1,0,0,1,1,0
0,0,0,0.2799787245627718,1,0,0,1
1,1,1,0,1,1,1,0
1,1,0,0,0.9156393506304645,1,0,0
0,1,0,1,1,0,1,1
1,0,0,1,1,1,0,0
1,0,1,1,1,1,1,0
0,0,0.20194029172369338,0,1,0,0,1
0,0,0,0,1,0,0,1
0.2533987275077349,1,0.08880943826985116,0,1,0,1,1
0,1,0,1,0,0,1,0
0,0,0,1,1,0,1,0
0,1,1,1,0.7469357137480966,1,0,1
0,0,0,0,0,0,0,0
1,0,0,1,1,1,0,0
1,1,0,0,0,0,1,1
0,0,0,0,1,0,0,1
0,1,0,0,0.0970051147636235,0,0,1
0,0,1,0,1,0,1,1
1,0,1,1,0,1,0,1
1,0.13463542832862052,0,0,1,1,1,1
0,1,0,1,1,0,1,0
0,0,0,1,0,0,0,1
0,0,1,1,0,0,1,1
1,0,1,0,0,1,0,0
0.09878273241566032,1,1,0,1,1,0,0
0,0.153986556686454,0,1,1,0,1,0
0.8837865081813914,0,1,0,0,1,0,0
1,0,0.14695428552075562,1,0,0,1,1
1,1,0,0,1,1,0,0
0,1,0.9189928704206806,1,0,1,0,0
0,0,1,1,0,0,1,1
0,1,0.7564182201499642,0,1,1,0,0
1,0,0,1,0.9943416754115607,1,0,0
1,0.7170150837569531,0,1,1,1,0,1
1,0,1,1,1,1,1,0
0,0,1,1,1,1,0,0
1,1,1,1,1,1,1,1
0,1,1,1,1,1,0,1
0,1,0,0,0,0,0,1
1,0,0,0,1,0,1,1
1,0.2534382693444304,1,0,0.8592938791969849,1,0,1
1,0,1,0.7726055725253519,1,1,1,0
0.20854273244560922,1,0.2265973800777326,0.7031783307664319,0,0,1,0
1,0.007411193467306787,0,0,0.9225188993648984,0,1,1
0,1,1,1,1,1,0,1
1,0,0,0,0,0,1,0
0,0,0,0,0,0,0,0
1,0.1500865379726673,0,1,0,0,1,1
1,1,0,0,1,1,0,0
0,0,1,0,1,0,1,1
0,1,0,0.8722125106982955,0,0,1,0
1,0,0,1,0.07894805940325467,0,1,1
0,1,0,0,0,0,0,1
0,0.8126605629195509,1,0,1,1,0,0
1,0,1,1,1,1,1,0
0,0,0,0,0,0,0,0
1,1,0,1,0,1,0,0
1,0,1,1,1,1,1,0
1,1,0.01029798399052717,1,1,1,0,1
1,0,0.8683968011013847,0,0,1,0,0
0.09529693219377278,1,1,1,0,1,0,0
1,1,0,1,0,1,0,0
0,0,1,1,1,1,0,0
1,1,1,1,0.11279836603163096,1,1,0
0,1,1,1,0,1,0,0
1,0,0.08871121132850407,1,1,1,0,0
0,1,1,1,1,1,0,0
1,0,0,0.9090544287502724,0,0,1,1
0,0,1,0,0.7064368086493908,0,1,1
1,0,0,1,0,0,1,1
0,0,1,1,0,0,1,1
0,0,1,0,0.14246616909991167,0,1,0
1,0,1,1,1,1,1,0
1,1,0,0,0,0,1,1
0.8867571699115515,1,1,1,0,1,0,0
1,1,1,1,1,1,1,1
0,0,0,0,0,0,0,0
0,0,0,0,1,0,0,1
0,0,0,0,0,0,0,0
0,1,0,0,0.02406408321921577,1,0,1
0.7478269819753425,1,0,1,0,1,0,0
0,0.9362617905057485,1,0,0,0,1,1
1,0,0,0,1,0,1,1
1,0,1,1,1,1,1,0
0,0,0.2580699606061572,0,1,0,0,1
1,1,1,0,0.7988947438654497,1,1,0
1,0.21122192440411075,1,1,0,0,0,1
1,0,1,1,1,1,1,0
0,1,1,0,1,1,0,0
0.04628905015502338,0,0,0,1,0,0,1
1,0,0,1,0,0,1,1
0,0,1,0,0,0,1,0
1,1,0,1,0,1,1,0
1,0,0,0,0,0,1,0
0,0,0,0,0,0,0,0
1,1,0,1,0,1,0,0
1,0,0,1,1,1,0,0
0,1,0,0.772282664268463,0,0,1,0
1,0,1,1,1,1,0,0
1,0.23988489869819113,0,1,0,0,1,1
0,1,1,1,1,1,0,1
0,0,0,0,0,0,1,0
1,1,0,1,0,1,0,0
0,1,0.25650200821766506,1,1,0,1,1
0,0,0,0,1,0,0,1
0,1,0,0.02448818521833901,0,0,0,1
0,0,0.17390933077123844,1,1,0,1,1
0,0,1,0,0.02795594200525897,1,1,0
1,0,1,0,1,1,0,1
0,1,0,1,0.7373292559698108,0,1,1
0,1,1,1,0,1,0,0
0,1,0,1,0,0,1,0
1,0,1,1,0,1,0,1
0,0,1,1,1,1,0,0
0,0,1,0,1,0,1,1
0,0,0,0.16367318698804928,1,0,0,1
1,1,0,0,1,1,0,0
0.8922397848476794,0.07628270707526474,0,0,1,0,1,1
1,0,1,1,0,1,0,1
1,0,1,1,0,1,0,1
0,0,0,1,0,0,0,1
0,0,0,0,0,0,1,0
0,1,0,1,1,0,1,1
1,0.8892378048950933,0,1,0,1,0,0
0,1,1,0,0,0,1,1
1,0,0,0,1,0,1,1
1,1,0,1,0,1,0,0
1,1,1,1,1,1,1,1
1,0,0,0,0,0,1,1
0.25675490551006214,1,0,0,0,0,0,1
0,0,0.9577087225602352,0,1,0,1,1
0,1,1,0,0,0,1,1
1,1,1,1,0.24900819762789222,1,1,0
0,1,0,0,1,0,1,0
0,0.15817999689885853,0.8317542763722174,1,1,1,0,0
1,1,0,1,0,1,0,0
0,1,0,0,1,0,1,0
0.9889839074319584,0.8913872037041182,0,0,1,1,0,0
0,0,1,1,1,1,0,0
0.8862623971103137,1,0,1,0,1,0,0
0,1,1,0,0,0,1,1
0.7694673628609199,0,0,0.11954108756625426,0,0,1,0
1,0,1,1,0,1,0,1
0.27526253829875297,0,0,1,0,0,0,1
0.9692834430409896,0.9706891038709062,1,0,1,1,1,0
1,1,1,1,0,1,1,0
0,0,1,1,1,1,0,0
1,1,0.29012000131058097,0,0,0,1,1
1,0,1,1,1,0,1,0
0,0,1,0,1,0,1,1
0.9046274075154067,0,0,0.8585488729704215,1,0,0,0
0,1,1,1,0,1,0,0
0.8832973664888817,1,1,1,0,1,1,0
1,1,1,1,0,1,0,0
0,0.19011562886856714,0,0,0,0,0,0
0,0,0,0,0,0,0,0
0,1,1,1,0,1,0,0
0,1,1,1,0,1,0,0
0,1,0,0.224613391332448,1,0,1,0
0,1,0,0,0,0,0,1
0,1,1,1,0,1,0,0
1,0,0,0,1,1,1,1
1,0.29674514583066874,1,0.9768823270197462,1,1,1,0
0,1,0,1,1,0,1,1
1,0,0,1,1,1,0,0
0,0,0,1,0,0,0,1
0,1,0,1,0,0,1,0
1,1,0,1,0,1,0,0
1,1,1,1,1,1,1,1
1,0,1,1,0.16288276526059503,1,0,1
1,1,0,1,1,1,0,1
1,0.8420526751926956,0,1,1,1,0,1
0,0,1,0,1,0,1,1
1,1,0,0.06395798324957414,1,1,0,0
1,0,1,0.15331980899051928,0.05105243904650214,1,0,0
0,0.7930612423884122,0,0,1,0,1,0
0.7710686943702354,1,1,1,1,1,1,1
1,0,1,0.9383256435441307,0,1,0,1
0,0,0,1,1,0,1,0
0,0,1,0,0,0,0,0
0,1,0,0,0,0,0,1
0,0.029966742231200882,0,0,0,0,0,0
1,1,0,0,1,1,0,0
0.2617087592227139,0.7010960741120106,0,1,0,0,1,0
1,1,1,0,0.9525668202127623,1,1,0
0,1,0,0,0,0,0,1
0,0,0,0,0,0,1,0
1,0,1,0,0.25829942263009825,1,0,0
1,0,0,0,0,0,1,0
1,0,1,0,0.7134421372953501,1,0,1
0,1,1,1,0,1,0,0
0.7075900421578336,1,1,0.11557286758907692,0.23298983588965377,1,0,1
0,1,1,0,0.015001890744136881,0,1,1
1,1,1,1,1,1,1,1
0,0,1,1,0,0,1,1
0,0,1,1,1,1,0,0
1,1,1,0,1,1,1,0
1,1,1,1,1,1,1,1
0,1,1,0,1,1,0,0
0,1,1,1,0,1,0,0
1,0,0,1,1,1,0,0
0.021067743486449853,0,0,1,1,0,1,0
0,0,0,1,0,0,0,1
0.7343090741445596,0,0.7996930309308293,1,1,1,1,0
1,0,1,1,1,1,1,0
1,1,1,1,0.08377263236361837,1,1,0
0,0,0.7117957582258589,0,0,0,1,0
1,1,0,0,0.7276928597848862,1,0,0
1,0.09367456466136964,0,1,0,0,1,1
1,1,0,1,0,1,0,0
1,1,0,1,1,1,0,1
0,0,0,1,0,0,0,1
0,0,1,1,1,1,0,0
0,1,1,1,1,1,0,0
0.27935343022553366,0,1,1,0,0,1,1
0,1,0.9194790634938383,0,1,1,0,0
1,1,0,0.9543250368995619,0,1,0,0
0.01971330069330718,1,1,1,1,1,0,1
0,0,0,0,1,0,0,1
0.01255670421373889,0,0,0,1,0,0,1
0,1,1,1,0,1,0,1
0.7460626053199766,0,1,1,1,1,1,0
0,1,1,1,1,1,0,1
1,1,0,0,1,1,1,0
0,1,1,0,1,1,0,0
0,1,1,0,1,1,0,0
0,0,0,0,1,1,0,1
1,0,0,0,0,0,1,0
0,0,1,1,1,1,0,0
0.09372649822787987,1,0,0,0.9498161771472295,0,1,0
1,1,0,0.9171021434191993,1,1,0,1
0.11123543003703124,0,0,1,0,0,0,1
1,1,0,1,0,1,0,0
0,0.09156559801755343,0,0,0.20019006097916808,0,0,0
0,1,1,0,1,1,0,0
0,0,1,0,0.7202964941092118,0,1,1
1,1,0.22621141592819133,0,0,0,1,1
1,1,0,1,0,1,0,0
0.04797943318737613,0,1,0,0,0,1,0
0,0,1,1,1,1,0,0
1,0.06640205691861717,0.17757742338018773,0,0,0,1,0
1,0,0,0,0.23788236780451927,0,1,0
0,1,0,1,0.04711256256451918,0,1,0
0,0,1,1,1,1,0,0
1,0,1,0.984277564140306,0,1,0,1
1,0,0.007973053621602555,0,0,0,1,0
1,1,1,1,1,1,1,1
0,1,0,1,1,0,1,1
1,0,0,0,0,0,1,0
1,0,1,0,1,1,0,1
0,1,0,0,1,0,1,0
1,0,1,1,0,1,0,1
0.027546491411666818,0,0,0.03976730817662566,1,0,0,1
0,0,0,0,1,0,0,1
0,1,0,1,0,0,1,0
1,0.7164290499925958,0,1,0,1,0,0
0,1,0,0,0,0,0,1
1,1,1,0,1,1,0,0
0.039862025629938236,1,1,0,0.7193676756902765,1,0,0
0,0,1,0,0,0,1,1
1,1,1,0,0,1,0,1
0,1,1,0,1,1,0,0
1,0.2934523242123848,0,0,0,0,1,0
0,1,1,1,1,1,0,1
0,0,1,0,0,0,1,0
0,1,0,0,1,0,1,0
0,1,0,0,0,0,0,1
0,0,1,1,0,0,0,1
0,1,0.21854427832851303,0,1,0,1,0
1,1,1,1,0,1,1,0
0,1,0.9317853416200353,0.9908515437817268,0.8827362015742888,1,0,1
1,0,1,1,1,1,1,0
0,1,1,1,0,1,0,0
0,0.8557466505815156,1,1,0,1,0,0
0,1,0,0,0,0,0,1
1,1,1,0,0,1,0,1
1,1,0,1,0,1,0,0
0,0.21156032621422355,0,1,1,0,1,0
0,0,1,1,0,0,1,1
0.8727276587975984,0,0,0,0,0,1,0
0,0.9944640480335079,0,0,1,0,1,0
1,0,0,1,0,0,1,0
1,0,1,0,0,1,0,0
1,0,1,1,0,1,0,1
1,0.2128130334788773,0,1,0,0,1,1
0,1,1,0,0,0,1,1
0.16124616927764096,0,1,1,1,1,0,0
1,0,0,0,0,0,1,0
0,0.24591625586802218,1,1,0,0,1,1
0,0.9501522787472788,0,0,1,0,1,0
1,0,0,0,0,0,1,0
0,0,1,1,0,0,0,1
0.08660742769221341,0,1,0,0,0,1,0
0,1,1,0,0,0,1,1
0.9438071905867849,1,1,0,0,1,0,1
0,1,1,1,1,1,0,1
1,1,1,0,1,1,1,0
1,0,0,1,1,1,0,0
1,0,0,0,1,1,1,1
1,1,0.9168026693476521,0,1,1,1,0
0,1,0.1598907986718403,1,0,0,1,0
0,0,0,1,1,1,1,0
1,0,1,1,1,1,1,0
0,1,1,0.7655892615382494,1,1,0,1
0,0,0,1,1,0,1,0
1,1,1,1,1,0,1,1
1,1,1,1,0,1,1,0
1,1,1,1,0.894919188151203,1,1,1
1,0,0.2678907152869983,0,1,0,1,1
0.7850982476138901,1,1,0,1,1,0,0
0,1,1,1,0,1,0,0
1,0.23461358351566458,1,1,1,1,1,0
0,0.053496730622944966,1,0,1,0,1,1
0,1,0.8804506058065342,1,1,1,0,1
0.18230163123988313,0,0,0.277671761447532,0,0,0,0
1,0,1,1,1,1,1,0
1,1,0,1,1,1,0,1
0,0.8850104984128844,0,1,1,0,1,1
0,1,1,0,1,1,0,1
0,1,0,1,0,0,1,0
0,0,1,1,1,1,0,0
0,1,1,1,0,1,0,0
1,0,1,1,1,1,1,0
1,0,0,1,1,1,0,0
0,1,0,0,1,0,1,0
0,1,0.714739658701947,0.22591261842728866,1,1,0,1
1,1,1,1,1,1,1,1
0,0,0.09970629913551099,0,0.8051661893813962,0,0,1
0,1,1,0,1,1,0,0
0.731883892139869,1,1,0,0,1,0,1
0,1,0,0,0,0,0,1
0.13747344031421105,0,0,0.7588357589686603,0,0,0,1
1,0,0,0,0.8158246232791776,0,1,1
0,0,0,1,0,0,0,1
1,0,0,1,0,0,1,1
0.04002413323790793,0,0,0,1,1,0,1
1,0,1,1,0,1,0,1
1,0,0,0.9938428783781335,0,0,1,1
1,1,0,1,0,1,0,0
0,1,1,1,0,1,0,1
1,0.13327275906976754,0.1819820848246086,0.8384670932042941,0,0,1,1
0,1,0.26918231056691994,0,1,0,1,0
0,0,1,0,1,0,1,1
1,1,0,1,1,1,0,1
1,0,0,0,0.1097132947686763,0,1,0
0,0,0,0,1,0,0,1
0,1,0,1,0,0,1,0
1,0.049665295527121345,1,1,1,1,1,0
0,1,1,1,1,1,0,1
0,0,0,0,1,0,0,1
0.174892778618971,0.25787868299736133,0,0.2706228340300874,1,0,0,1
1,1,0,0,0,0,1,1
0,0,0,1,1,0,1,0
1,1,0,1,1,1,0,1
1,1,1,0,0,1,0,1
1,0,0,0,0,0,1,0
1,1,0,0,1,0,0,0
1,1,0.02467470950473416,0.16330343532375508,1,1,0,0
1,1,1,0,0,1,0,1
0.18837604750967613,0,0,1,0,0,0,1
0,0,0,0,0,0,0,0
1,1,0,0,0.758890193019828,1,0,0
1,0,0,0.036893435494099014,0,0,1,0
0,1,0.9653155242897382,1,0,1,0,0
1,1,1,1,0,1,1,0
0,0,0,0,0,0,0,0
1,1,0,1,0.9442263187899745,1,0,1
1,0,0,0,1,0,1,1
0.8503906485981474,0,0,0,1,0,1,1
0.07502938746616317,1,1,1,1,1,0,1
1,1,1,0,0,1,0,1
0.7727685181412194,1,0,0,0,0,1,1
0,1,1,0.865556056440622,1,1,0,0
1,1,0.8444353406646231,1,1,1,1,1
1,1,1,0,0,1,0,1
0,1,0,1,0,1,1,0
0,1,1,0,1,1,0,0
0,1,0,0,1,0,1,0
0,1,0,0.29489017664857936,0,0,0,1
0.8934764641751389,1,0.16912448683719855,0,0,0,1,1
0,0,0.13055827395373643,1,0,0,0,1
0,0,0.05543206855775917,1,1,0,1,0
0,1,1,0,1,1,0,0
0,0,0,1,0,1,0,1
1,0,0,1,1,1,0,0
1,1,1,1,0,1,1,0
0,0,0.9531415533508212,1,0,0,1,1
0,1,1,0,0,0,1,1
0,0.22521511810346745,0,0,0,0,0,1
1,0,1,1,1,1,1,0
1,0.9031720383045629,1,0,1,1,1,0
0,0.07657873257275238,0,0.8714812641904761,0,0,0,1
0,1,0,1,1,0,1,1
1,1,0,1,0,1,0,0
1,0,0.2710231674646261,0,1,0,1,1
0,1,1,1,0,1,0,0
0,0,1,0,0,0,1,0
1,0,1,0.05393376966225483,0,1,0,0
1,1,1,0,1,1,1,0
0,1,1,1,1,0,0,1
0.21520172845883317,0,1,0,0,0,1,0
1,0,0.06774667362974335,0,0,0,1,0
0.9635136333085175,0.17722229743025697,1,0,1,1,0,1
1,1,1,0.7918595553032461,0.06285514776083545,1,1,0
0,0,1,1,0,0,1,0
1,1,0,0,1,1,0,0
0,0,0,0,0,0,0,0
0,0,1,0.09017092620747186,0.9270422938619036,0,1,1
1,0,0,0,1,0,1,1
1,1,1,0,0,1,0,1
0,0,0.8791039957316169,0.1800369160540028,0,0,1,0
0,1,1,1,0,1,0,0
1,0,0,0,1,0,1,1
1,0,1,0,0,1,0,0
1,0.22679885610599965,1,1,1,1,1,0
1,1,0,0,1,1,0,0
1,0,0,1,0,0,1,1
0,0,0,1,0,0,0,1
0,0,1,0.21098732036314222,0,0,1,0
0,0,0.028595062365130264,0,0.24838707965621215,0,0,0
1,0,0,1,0,0,1,1
0,0,0,0,0,0,0,0
1,0,1,0,1,1,0,1
1,1,1,1,0,1,1,0
1,1,0,1,1,1,0,1
1,1,0,0,1,1,0,0
1,0,1,0,0,1,0,0
1,1,1,1,0,1,1,0
0,1,1,0,0,0,1,1
0,0.8157467449729099,1,0,0,0,1,1
1,1,0,0,1,1,0,0
0,1,0,0,1,0,1,0
1,1,0.8721653097320501,1,0,1,1,0
0,0,0,0,1,0,0,1
1,1,1,1,0,1,1,1
0,1,1,1,1,1,0,1
1,0,0,0,0.9967062396668892,0,1,1
1,0,1,1,1,1,1,0
0.24300260762525122,0,0,1,0,0,0,1
1,0,1,1,1,1,1,0
0,0,1,1,0,0,1,1
0,1,1,0,0.006361908300077268,0,1,1
0,0,0,0,0,0,0,0
0,0,1,0,0,0,1,0
1,0,0,0,1,0,1,1
0,1,1,1,0,1,0,0
0,0.9205567281853799,1,0,0,0,1,1
0,0,1,1,0.015382580885546782,0,1,1
0,0,1,1,1,1,0,0
0.9137371843340573,1,1,0,1,1,1,0
0.7005980145832498,0,0,0,1,0,1,1
0,1,1,0,1,1,0,0
0,0,1,0,1,0,1,1
0,0,1,1,1,1,0,0
1,0,1,0,1,1,0,1
0.18973931422838597,1,1,0,0.9033635656859323,1,0,0
0,0,0,0,0,0,1,0
1,1,0,0,0,0,1,1
0.11340940174541925,0,0,1,0,0,0,1
0,0.9725255791836721,1,0,1,1,0,0
1,0.916532191652526,1,1,0,1,1,0
0.7572871836302166,0,1,1,0,1,0,1
1,1,0,0.9263138295926346,1,1,0,0
1,0,0,1,0.7547856236025452,1,0,0
0,0,0,0,1,0,0,1
0,0,0,1,1,0,1,0
0,1,1,1,1,1,0,1
0.11256813733464832,0,0.923881597388665,0,0,0,1,0
1,0,0,0,0,0,1,0
0.21885296630411116,1,0,1,1,0,1,1
0,0,1,0,0.9984933961223783,0,1,1
0,0,0.9530796524717098,0,1,0,1,1
0,0.7260550686989593,0,1,1,0,1,1
1,1,1,0,1,1,1,0
0,0,0.9759392824855262,0,1,0,1,1
0,0,1,1,1,1,0,0
0,0.945245026306654,0,0.7901206025911236,0,0,1,0
0.2835979505072867,0,1,0,1,0,1,1
1,1,0,0,0,0,1,1
0,0,0,1,0,0,1,1
1,0,1,0,1,1,0,1
1,0,1,1,0.8498733134123941,1,1,0
1,0,1,0,1,1,0,1
1,0,1,1,1,1,1,0
0.09990447309391565,1,1,0,0,0,1,1
1,1,0,0,1,1,0,0
0,0,0,0,0,0,0,0
0,1,0,0.294976029778426,0,0,0,1
1,0,0,0,1,0,1,1
0,1,1,1,0,1,0,0
1,0.26302346491220946,0,0,1,0,1,1
1,1,0,1,1,1,0,1
0.24381551350491176,0.8597775690424705,1,0,1,1,0,0
1,0,1,0,0,1,0,0
0,0,0,0,1,0,0,1
1,1,0.9145704069947848,0,0,1,0,1
1,0,1,1,1,1,1,0
0,0,1,1,1,1,0,0
1,1,1,1,0,1,0,0
0,0,0,1,0.039619992078595234,0,0,1
1,1,0.2933753789580034,1,0,1,0,0
0.23502161275581152,0,0,1,0.7931502322521264,0,1,0
0,0,1,1,1,1,0,0
0.9029582410437605,0,1,0,1,1,0,1
0.22902539694554497,0,1,1,1,1,0,0
1,1,1,0.7521312794711204,1,1,1,1
0,0,1,1,1,1,0,0
1,1,1,1,0,1,1,0
0.8869974457540875,0,1,0,0,1,0,0
1,0,0,1,0,0,1,1
1,0,0,0,1,0,1,1
1,0,0,1,1,1,0,0
0.07182494125981181,0,1,1,0,0,1,1
0.8400172552679822,0,0,0,0,0,1,0
1,1,1,1,0,1,1,1
1,1,0,0.10565304893080574,0,0,1,1
1,0,1,0,1,1,0,1
0,1,0,0,1,0,1,0
0,0,1,0,0,0,1,0
0.20340372348853225,1,1,0,0,0,1,1
0,1,0.24729262330601592,1,0,0,1,0
1,1,0,0,0,0,1,1
0.058792730438464835,0,1,0,0,0,1,1
1,0.15499427882484457,0,1,1,1,0,0
1,1,1,0,1,1,1,0
0,1,0,1,0.1576236308808568,1,1,0
1,1,0,0,1,1,0,0
1,0,1,0,0.16653493423590698,1,0,0
0.19130727885276183,1,0,1,1,0,1,1
0,1,1,0,1,1,0,0
0,1,0.8245450584994227,1,1,1,0,1
1,0,0,1,0.8041690525473991,1,0,0
0.14556090603522415,1,1,1,0.8771127964917389,1,0,1
0,0,1,0,0.8286319866306545,0,1,0
0.1398906465536079,1,1,0,1,1,0,0
0,0,0,0.004197950869105849,0,0,0,0
1,0,0.1726288934650449,0,0,0,1,0
0.9780765543204293,0,0,0.29655477024641447,0,0,1,0
0,0.026667295746848674,0,1,0,0,0,1
0,1,0,0.8614047375647964,0,0,0,0
0,0,1,0,0,0,1,0
0,1,0,0.027584273360525657,1,0,1,0
0,0.8776621254405566,1,1,1,1,0,1
0.03361214436562637,1,0,0.7149209986074896,0.973940822599765,0,1,1
0,0,0,0,0,0,0,0
0,0,1,0,0,0,1,0
1,1,1,0.002092302040270555,0,1,0,1
0,1,1,0,0,0,1,0
1,0,1,0,0,1,0,0
1,0,1,0,1,1,0,1
0,0,1,0,0.8816748064372145,1,1,1
1,0.21746860956804276,1,1,1,1,1,0
1,1,0,0.9213068333608876,0.7595172384633682,1,0,1
1,0,0,0,0,0,1,0
1,0.8456786879816165,0,1,1,1,0,1
1,1,0,1,1,1,0,1
1,1,1,0,1,1,1,0
1,1,1,1,1,1,1,1
1,0.2819148971387759,1,1,1,1,1,0
1,1,0,1,0,1,0,0
0,1,0,0.9069092853050863,1,0,1,1
1,1,1,0.1439111643576657,0,1,0,1
0,0,1,1,1,1,0,0
1,0,1,0,0,1,0,0
0,1,1,1,1,1,1,1
0,1,1,0,0,0,1,1
0.7102156868263149,1,1,0,1,1,1,0
0,0,1,0,1,0,1,1
1,0.8877357294917452,0.9302713207477269,1,1,1,1,1
0,1,1,1,1,1,0,1
0,1,0,0,0,0,0,1
1,1,1,1,1,1,1,1
1,1,0,0,0.826629984697959,1,0,0
1,0,1,0.7369460856162096,1,1,1,0
0,0,0,0,0.8758909276607235,0,0,1
0,0,0,0,0,0,0,1
1,1,1,0,1,1,1,0
0,1,0.041274100813455505,0,0,0,0,1
0,1,0,0,1,0,1,0
0,0.26244598180159856,1,0,0,0,1,1
1,0,0,0,1,0,1,1
1,0,1,0,0,1,0,0
1,1,0,0,0,0,1,1
0,0,1,1,1,1,0,0
1,0,0,1,1,1,0,0
0,0,1,1,1,1,0,0
1,0,0,0,0,0,1,0
1,1,0,1,0,1,0,0
1,0,1,1,1,1,1,0
0,1,0,1,1,0,1,1
1,1,0,1,0,1,0,0
0,0,0,1,1,0,1,0
0.9283729547166231,0,1,1,0,1,0,1
0,1,0,1,1,0,1,1
1,1,1,1,0,1,1,0
0,0,0,0.16508171106132746,1,0,0,1
1,0,0,0,0,0,1,0
1,0,0.2989515983655974,1,0,0,1,1
0,1,0,1,1,0,1,1
0.2092999710213181,0.7499507752018564,1,0,0,0,1,1
0,0,1,1,1,1,0,0
1,1,0,0.9188497355820372,0,0,0,0
1,0,0,0,1,0,1,1
1,0,1,1,1,0,1,0
1,1,0,1,1,1,0,1
1,0.0611051744604969,0,0,0.21079712276007906,0,1,0
0.23976384511860943,1,0.8559445947973181,0,0.9454587357946554,1,0,0
1,1,0.8586384943119496,0,1,1,1,0
0,0,1,0,0,0,1,0
1,0,1,1,1,1,1,0
0.019389843195942946,0.0374570419565986,1,0,1,0,1,1
0,1,1,1,1,1,0,1
1,1,0,0,0,0,1,1
0,0,0.8854369991121193,0,0,0,1,0
0,0,1,0,0,0,1,0
0,1,0,1,1,0,1,1
0.1493143213919142,1,1,0,0,0,1,1
1,1,0,1,1,1,0,1
1,0,0,1,0,0,1,1
0,1,0,1,1,0,1,1
1,0,0.09503283219451875,1,1,1,0,0
1,1,1,0,0.730623208509829,1,1,0
1,0,1,0,0,1,0,0
0.2480805937872081,1,1,0,0,0,1,1
0.010124224710504448,1,0,0,1,0,1,0
1,0.06352893088734851,1,1,0.750334391945606,1,1,0
1,0,1,0,0,1,0,0
0.8053448317319225,0,1,1,0,1,0,1
0,0,1,0,1,0,1,1
0,0.7598673556975334,0,1,0,0,1,0
1,0.7828148515405853,1,1,0,1,1,0
0,0,0,1,1,0,1,0
0,0,1,0,0,0,1,0
0.7111674253408328,1,0,1,0,1,0,0
1,1,1,0,0,1,0,1
1,1,0,0.9647677045299574,1,1,0,1
1,0,1,0.20691767786756704,0,1,0,0
0.7228013828805269,1,0,0,0,0,1,1
1,0,1,1,1,1,1,0
0,0,1,0.1839992506183052,0,0,1,0
1,0,0,1,0,0,1,1
1,0,1,0,0,1,0,0
1,0,0,0.09129324540040684,0,0,1,0
0,0,1,1,0,0,1,1
0,0.7757472763910533,0,0,1,0,1,0
0,0,0.03812274529436316,1,1,0,1,0
0,0,0,0.03881306242989835,1,0,0,1
1,0,1,1,1,1,1,0
0.7997489630717568,1,1,0.11943075075079745,1,1,1,0
0,0,0,0,0,0,0,0
0,0,0,0,1,0,0,1
1,0.03985290728837371,0,0.7978051728117146,1,1,0,0
0,1,1,1,0.09187215997891868,1,1,0
0,0.8037155114513139,1,1,1,1,0,1
1,0.1725023520985386,0,1,0.8437615289387459,1,0,0
1,0,1,1,1,0,1,0
0,0,0,0,1,0,0,1
0,0,1,1,1,1,0,0
0,0,0.04071571625699022,0.20948747262033512,1,0,0,1
1,0,0,0,1,0,1,1
0,1,0,1,1,0,1,0
0,1,0,0,1,0,1,0
0,0,0,1,1,0,1,1
1,0.9472421856774813,1,0,1,1,1,0
0,1,1,1,0,1,0,0
0.16632368555518212,1,0,1,1,0,1,1
0,0,0.12078981144766215,0.14390883327490933,1,0,0,1
0,0,0,1,1,0,1,1
1,0.0800670726857513,0,1,1,1,0,0
0,1,0,0,0.8069902038401802,0,1,0
1,1,1,1,0,1,1,0
0.24341903728891773,1,0.10284848931160784,0,1,0,1,0
1,0,0,0,0.16100776438920122,0,1,0
1,0,1,1,1,1,1,0
1,1,0.8312337119171771,0,0,1,0,1
0,0,0,0.8608327079320797,0,0,0,1
0,0,1,0,0,0,1,0
0.7834085492736582,0.04215282688294081,1,1,0,1,0,1
0.7601189158791174,0,1,0.1785981580657537,0,1,0,0
0.8940640563985114,1,0,1,0,1,0,0
1,1,1,1,0,1,1,0
0,1,0,1,0,0,1,0
0,1,0,0,0,0,0,1
0,1,1,0,1,1,0,0
1,1,0,0,0,0,1,1
1,1,1,1,1,1,1,1
0,0,0,0,0,0,0,0
1,1,0,0,1,1,0,0
0,1,1,0.9269029239945425,0.26289561270808975,1,0,0
1,0,0,0,1,0,0,1
0.9512883083992425,1,1,0,0.09235027453805433,1,0,1
0,0,0,0,0.8275895386136036,0,0,1
0,0,0,1,1,1,1,0
0.8561265207058362,1,1,0.7306237364590884,0,1,1,0
0,1,0,0,0,0,0,1
0,0,0,1,0,0,0,1
0,0,1,1,0,0,1,1
1,0.8272163361679001,0,0,1,1,0,0
1,0,0,1,0,0,1,1
1,0,0,0,1,0,0,1
1,0,1,1,1,1,1,0
1,0,1,0,1,1,0,1
0,0,0,0,0,0,0,0
1,1,0,0,0,0,1,1
0,1,1,0,0.7468750855221016,1,0,0
1,0,0,1,1,1,0,0
0,1,1,0,0,0,1,1
1,1,1,0,1,1,1,0
1,1,0,1,0,1,0,0
0,0.8598116414393386,0,1,0,0,1,0
0,1,1,1,0,1,0,0
1,0,0,1,1,1,0,0
1,1,0,1,0.8137392411505713,1,0,1
1,0.9737492642119041,0,0,1,1,0,0
0,1,0,0,1,0,1,0
0,1,1,1,1,1,0,1
1,1,1,1,1,1,1,1
0,1,0,0,0,0,0,1
0.7790669914792236,1,1,1,0,1,1,0
1,1,1,0,0,0,0,1
1,0,1,0,1,1,0,1
1,0.21687787527417252,0,1,1,1,0,0
0,0,0,1,1,0,1,0
1,0,0,0,0,0,1,0
0,1,1,1,0,1,1,0
1,0,0.7322638312239331,0.09918570781090263,0,1,0,0
1,0,0,1,1,1,0,0
0,1,1,0.8795100665187381,1,1,0,1
1,1,1,0.8809267549136559,0,1,1,0
0,0,1,0,0,0,1,0
1,0,1,0.7094676324447773,1,1,1,0
0.24584812046808174,1,1,0,0,0,1,1
1,0,0,1,0.8131998160468176,1,0,0
1,1,0.1856200264393954,0,0,0,0,1
1,0,1,1,1,1,1,0
0,1,0,0,0,0,0,1
0,0,0,1,0.266894901166642,0,0,1
1,0,1,1,0.7982248327887245,1,1,0
0,0.7622622978317555,0,0,1,0,1,0
1,1,1,0.24463734873004422,1,1,1,0
0.7329677508912247,1,0,0,0,0,1,1
0,1,1,0,1,1,0,1
1,0,1,0,1,1,0,1
1,0,0,1,1,1,0,0
0,1,0.8725370770096088,1,1,1,0,1
1,0.2717157255122126,1,0,1,1,0,0
0,1,1,0,0,0,1,1
0,1,0,0,0,0,0,1
0,0.9713932994574975,1,1,1,1,0,1
1,0,0,1,1,1,0,0
0,0.1458561702738339,0,0,0,0,0,0
1,0.7142602272166086,0,0,1,1,0,0
0,0,0,0,0.7620091500259639,0,0,1
1,1,1,1,0.06801792118223571,0,1,0
0,0,0,0,1,0,0,1
0,0.2704578678664035,1,1,0,0,1,0
0,0,0,1,0.7486024565421527,0,1,0
1,1,0,0,0.9822289829163333,1,0,0
0,1,1,0,0,0,1,1
0,0.8558324116059585,0,0,0,0,0,1
1,1,0,1,1,1,0,1
0,1,0,1,1,0,1,1
0,1,0.9932943006469834,0.11822549775886082,1,1,0,0
0,1,0,1,0,0,1,0
0,1,0,0,1,0,1,0
0,0,1,0.9386857021762828,1,1,0,0
0,0.28159465556793745,0,0,0,0,0,0
0,0.18591119710946025,0,0,0,0,0,0
1,0,1,0,0,1,0,0
1,1,1,1,0,1,1,0
1,0,1,1,0,1,0,1
0,1,0,0,1,0,1,0
0,1,0,1,0,0,1,0
1,0,0.04568180451822046,1,0.02542100840227496,0,1,1
0,1,1,1,1,1,0,1
0,0,0,0.9847109178135376,1,0,1,0
0.7371593509232989,1,0.8133872125564227,0,0,1,0,1
1,1,0,0,0,0,1,1
1,0,0,0.9152489521385809,1,1,0,0
0,0,1,0,1,1,1,1
0,0,1,1,1,1,0,0
1,0,0.027407869019318187,0.8286391899669575,1,1,0,0
1,0,0,1,1,1,0,0
1,0,1,0,1,1,0,1
1,1,0,0,1,1,0,0
0,1,1,0,0,0,1,1
0,0,1,0,1,0,1,1
1,1,1,1,0,1,1,0
0,1,0,1,1,0,1,1
1,1,0,1,0.9070585834029602,1,0,1
0,0,1,0,0.011106406618525522,0,1,0
1,0,0,0,0,0,1,0
0.07966894901601246,0,1,1,0.056370089824396064,0,1,1
1,1,1,0,0,1,0,1
0,0,1,0,0,0,1,0
0,0,1,0,0,0,1,0
1,0,1,0,0.7589855617979788,1,0,1
1,0,0,0,1,0,1,1
1,1,0,0.9256186786107593,0,1,0,0
1,0,1,1,1,1,1,0
0,1,0,0,0,0,0,1
0,1,1,0,0,0,0,1
0.7145812424594948,1,1,1,0,1,1,0
0.29549692972786307,1,0.1581282296594691,1,0,0,1,0
0.7293096823179253,0,1,1,0,1,0,1
1,1,1,0,0,1,0,1
0,0,0,1,0,0,0,1
0,0,1,0.10937713399683302,0,0,1,0
1,0.7581894211271806,1,0,1,1,1,0
0,0,0,1,0,0,0,1
1,0.9517478516577669,1,0,1,1,1,0
0,1,0.09470325916380928,1,0,0,1,0
0,1,1,0,0,0,1,1
0,1,1,0,0,0,1,1
0,1,1,1,1,1,0,1
1,1,0,0,0.04119222333153316,1,1,1
1,1,0,1,1,1,0,1
0,1,1,0,0.9684787990473451,1,0,0
0,0,0.8050732380378716,0,1,0,1,1
1,1,1,0,0.8835303971557844,1,1,0
1,1,1,1,1,1,1,1
1,1,1,0,0,1,0,1
0.9940862150334846,1,0,1,0,1,0,0
0,0,1,0,0.10377545674201727,0,1,0
0,0,1,1,0,0,1,0
0,1,1,1,1,1,0,1
1,0,1,1,0,1,0,1
1,1,1,1,0.820080243521984,1,1,1
0,0,0,0,0,0,0,0
1,0,0,1,1,1,0,0
0,1,1,1,0.22430627956801769,1,0,0
0,1,1,1,0,1,0,0
1,0,1,0,0.008924649107527438,1,0,0
1,1,1,1,0,1,1,0
1,0,1,0,1,1,0,1
0,0,0,1,0,0,0,1
0.00546699333841022,0,0,0.21065466824744256,1,0,0,1
1,0,1,0,1,1,0,1
1,1,1,0,1,1,1,1
1,1,0,0,1,1,0,0
0.15599956865345732,0,1,1,1,1,0,0
1,0,1,0,0,1,0,0
0,0,1,0,1,0,1,1
1,0,1,0,0,1,0,0
0,1,1,1,0,1,0,0
0,0.8176829950881268,0,0,1,0,1,0
1,0.9332582378640032,0.2677175557113904,0,0,0,1,1
1,0,1,1,1,1,1,0
1,1,0,0,0,0,1,1
0,1,0,1,0,0,1,0
0,1,0,0,0,0,0,1
1,1,0,0,1,1,0,0
0,1,1,0,0,0,1,1
0.21212126077181387,1,0.90212058890485,0,0,0,1,1
1,0.24136597985164548,0,0,0,0,0,0
1,1,0,1,1,1,0,1
1,0,1,1,0,0,0,1
1,0.07272023123226057,0,1,0,0,1,1
0,1,0,0,0,0,0,1
0,0,0,1,1,0,1,0
1,1,0.03464509481137645,1,1,1,0,1
0,1,0,0,1,0,1,0
1,0,0,1,1,1,0,0
0,0,0,1,0.7331440381512548,0,1,0
0,1,1,0,1,1,0,0
1,0,1,0,0.2501804711459153,1,0,0
0,0,0,1,0,0,1,1
1,0,1,0,1,1,0,1
0,0,1,1,0,0,1,1
0,0,0,0,0,0,0,0
0,0,1,1,1,1,0,0
0,0,1,0,0,0,1,0
1,1,0.289719006186369,1,0,1,0,0
1,1,1,1,1,1,1,1
0.8460868292285416,1,0,1,1,1,0,1
1,1,1,0,1,1,1,0
0.019779258404288846,0,0,1,1,0,1,0
0,0.02480285300533669,1,0,0,0,1,0
1,1,1,1,1,1,1,1
0,0,0,0,0.7770565650861695,0,0,1
0,1,0,0,0,0,0,1
1,0,1,1,0,1,0,1
0,0.7289796697436524,1,0,1,1,0,0
0,1,0,1,0,0,1,0
0,1,0,0,0,0,0,1
0.11217205360105575,1,0,1,0,0,1,0
0,0,0,0,0,0,0,0
1,0,1,0,1,1,0,1
1,0,0.17738586859919636,1,0,0,1,1
0.9172647359637667,0,1,0,1,1,0,1
0,0,0,0.03801953820684445,0.04286141614389172,0,1,0
1,0,1,1,0,0,0,1
1,1,0,0.21190025562390752,0.742506442612132,1,0,0
0,1,0,1,0,0,1,0
1,0,0,1,0,0,1,1
0,0,1,1,1,1,0,0
1,0.1714132655823049,0,0.14379188170294177,1,0,1,1
1,1,0,0,0.0042905691080068475,0,1,1
1,0,0,1,0,0,1,1
1,1,1,0,0,1,0,1
0,1,1,0,1,1,0,0
1,0,0,0,1,0,1,1
0.7405028268248188,0,1,0.11857711971656476,1,1,0,1
0,1,1,1,1,1,0,1
0,0.16903949285095116,0,0,0,0,0,0
0,0,0,1,0,0,0,1
1,0,1,0.836527747813566,0,1,0,1
0,1,1,1,1,0,0,1
0,1,1,1,1,1,0,1
0,0,1,1,1,1,0,0
1,0,1,0.07674393333587659,0,1,0,0
0.8083173854488678,1,1,1,0.8959072609950315,1,1,1
0,0,0,1,1,0,1,0
1,0,1,0,0.9977373443034809,1,0,1
0.024856214357947604,1,1,1,1,1,0,1
1,1,0.19409749784000813,1,0,0,0,0
0,1,0,0,1,0,1,0
0,1,1,1,0,1,0,0
1,1,1,1,0,1,1,0
0,0,1,0,0,0,1,0
0,0,0,0,0,0,0,0
1,0,0,1,0,0,1,1
0,0,0,0,0,0,0,0
0.0771176785767343,0,1,0,0,0,1,0
0,0,0.12209201766203531,0,1,0,0,1
1,0,1,0,0,1,0,0
0,0,1,0,0,0,1,0
0.9806868748511436,0,0,1,0,0,1,1
0,0,0,0,0.15685743970051413,0,0,0
1,1,1,1,1,1,0,1
0,0,0,0,0,0,0,0
1,0,1,1,0,1,0,1
0,0,1,0,0,0,1,0
0,1,0,0,0,0,0,1
0,0,0,1,0.8189888856360854,0,1,0
1,1,1,0.8626560274544305,0,1,1,0
1,0.7991038036191622,0,1,1,1,0,1
0,1,0,0,0,0,0,1
0,0,1,1,0,0,1,1
0,1,1,1,0.254885420886879,1,0,0
1,1,0,0,1,1,0,0
1,0,0,0,0,0,1,0
1,1,1,1,0,1,1,0
0,1,1,0,1,1,0,0
1,0,0,1,1,1,0,0
1,0,0,0,0,0,1,0
1,0,1,0,0.008234328539129643,1,0,0
1,0.011153700074723438,1,0,1,1,0,1
0,0.08064212229087753,1,0,0,0,1,0
1,1,1,1,1,1,1,1
1,0,1,1,0,1,0,1
0,0,0,0,0,0,0,0
1,0.8731002998873636,1,0,0,1,0,1
0,0,0,0.9679002112682238,0,0,0,1
1,0.8615390879558205,1,1,1,1,1,1
1,0.20251017844156877,1,0.7571848711049722,1,1,1,0
0,0,1,0,0,0,1,0
0,0,1,0,0,0,1,0
1,0,1,0,0,1,0,0
1,0,1,0,1,1,0,1
0.9000693272156916,0,0,0,0,0,1,0
0,1,0,0.2641886324579598,1,0,1,0
0,1,1,0.0877071357258602,0,0,1,1
1,0,0,1,0.9849130486588364,1,0,0
1,1,0,0,1,1,0,0
1,1,0,1,0,1,0,0
1,1,1,1,0.7512147342921278,1,1,1
1,0,0,1,0,0,1,1
0,1,1,0,1,1,0,0
0,0.060078975477452834,0,1,1,0,1,0
1,0,0.9392760864285263,1,1,1,1,0
0,0,0,0.7242018809883426,1,0,1,0
1,0,0.23348659381798692,1,1,1,0,0
0,0,0,0,0,0,0,0
1,1,0,0,0,0,1,1
0,1,1,0,1,1,0,0
0,1,0.8878531187476363,0,0.0945066204230956,0,1,1
1,0,0,0.7656514492599559,1,1,0,0
1,0,0,0,1,0,1,1
1,1,1,0.05302108350098761,1,1,1,0
0,0,1,0,0,0,1,0
